net_nav,ann_return,ann_vol,net_sharpe,gross_sharpe,max_drawdown,calmar,avg_turnover,total_turnover,n_days,roll,method
1.047055744865712,0.7880255366034181,0.06059323642017482,9.601442841591245,9.601442841591245,-0.004465180969310934,176.48232894019213,0.0,0.0,20,0,cnn_lstm_cql_thr0
1.047055744865712,0.7880255366034181,0.06059323642017482,9.601442841591245,9.601442841591245,-0.004465180969310934,176.48232894019213,0.0,0.0,20,0,cnn_lstm_cql_thr0.1
1.047055744865712,0.7880255366034181,0.06059323642017482,9.601442841591245,9.601442841591245,-0.004465180969310934,176.48232894019213,0.0,0.0,20,0,cnn_lstm_cql_thr0.2
1.013297786246661,0.18873647419331552,0.1165120968980083,1.4843976109291015,1.8158537478845362,-0.01926660579108018,9.796041723171315,0.0857142857142857,1.714285714285714,20,1,cnn_lstm_cql_thr0
1.0136738260267446,0.18780673072690868,0.04560910964242459,3.774844769215535,3.774844769215535,-0.007522894658572891,24.964689690674998,0.0,0.0,20,1,cnn_lstm_cql_thr0.1
1.0136738260267446,0.18780673072690868,0.04560910964242459,3.774844769215535,3.774844769215535,-0.007522894658572891,24.964689690674998,0.0,0.0,20,1,cnn_lstm_cql_thr0.2
0.9682048968104452,-0.33273523350753764,0.07309986150176291,-5.530021162871106,1.1958622815187188,-0.02927171797878971,-11.367123506335966,0.9812347667241754,19.62469533448351,20,2,cnn_lstm_cql_thr0
0.969869002436767,-0.31814249782828075,0.07304352676735228,-5.238572095937592,1.1958622815187188,-0.029271717978789944,-10.868596713688083,0.9383776238670327,18.767552477340654,20,2,cnn_lstm_cql_thr0.1
0.969869002436767,-0.31814249782828075,0.07304352676735228,-5.238572095937592,1.1958622815187188,-0.029271717978789944,-10.868596713688083,0.9383776238670327,18.767552477340654,20,2,cnn_lstm_cql_thr0.2
1.0058054448011664,0.07605202935380073,0.02761130384104923,2.655053037460718,2.655053037460718,-0.006014953561576891,12.64382651922965,0.0,0.0,20,3,cnn_lstm_cql_thr0
1.0058054448011664,0.07605202935380073,0.02761130384104923,2.655053037460718,2.655053037460718,-0.006014953561576891,12.64382651922965,0.0,0.0,20,3,cnn_lstm_cql_thr0.1
1.0058054448011664,0.07605202935380073,0.02761130384104923,2.655053037460718,2.655053037460718,-0.006014953561576891,12.64382651922965,0.0,0.0,20,3,cnn_lstm_cql_thr0.2
0.9992529756940273,-0.009089224296801035,0.024511729007869697,-0.3724999524873343,1.1663931951950095,-0.003871201014891906,-2.347908119944226,0.0749415707391948,1.498831414783896,20,4,cnn_lstm_cql_thr0
1.001073098913292,0.014904481728265306,0.051919785814785006,0.2849575637857298,0.2849575637857298,-0.012383421838595981,1.2035834620291963,0.0,0.0,20,4,cnn_lstm_cql_thr0.1
1.001073098913292,0.014904481728265306,0.051919785814785006,0.2849575637857298,0.2849575637857298,-0.012383421838595981,1.2035834620291963,0.0,0.0,20,4,cnn_lstm_cql_thr0.2
1.0188038985708765,0.2651156095011744,0.03026706916187606,7.773242517002537,8.262562170936064,-0.002523785400553231,105.04681160413213,0.022636018037053902,0.452720360741078,20,5,cnn_lstm_cql_thr0
1.018367730029758,0.2583194153549091,0.03057746921720062,7.518013356042024,8.262562170936064,-0.002523785400553368,102.35395422220515,0.03333333333333333,0.6666666666666666,20,5,cnn_lstm_cql_thr0.1
1.0150761980434255,0.21009419200838053,0.06740410774165843,2.830248483923259,2.830248483923259,-0.013551395268998262,15.503509995684082,0.0,0.0,20,5,cnn_lstm_cql_thr0.2
1.0063536677914258,0.08361774255252019,0.032520946270891304,2.4697313830934395,3.4369092150990204,-0.004623434072674889,18.085635317417456,0.054324696953504815,1.0864939390700963,20,6,cnn_lstm_cql_thr0
1.0063536677914258,0.08361774255252019,0.032520946270891304,2.4697313830934395,3.4369092150990204,-0.004623434072674889,18.085635317417456,0.054324696953504815,1.0864939390700963,20,6,cnn_lstm_cql_thr0.1
1.0055638482453653,0.07298880409029085,0.03365024337340465,2.0938296510253616,3.4369092150990204,-0.004623434072674841,15.786708092511832,0.07388843560356184,1.4777687120712368,20,6,cnn_lstm_cql_thr0.2
0.9588944880535212,-0.3965360603459446,0.22310678863519762,-2.2615322152446247,-2.0855559349686392,-0.06759546533124475,-5.866311569907237,0.08502581157726,1.7005162315452,20,7,cnn_lstm_cql_thr0
0.9588944880535212,-0.3965360603459446,0.22310678863519762,-2.2615322152446247,-2.0855559349686392,-0.06759546533124475,-5.866311569907237,0.08502581157726,1.7005162315452,20,7,cnn_lstm_cql_thr0.1
1.010910216212558,0.14704262742210883,0.031228334942450333,4.3942256448569985,4.3942256448569985,-0.0033180942210585384,44.31538637115594,0.0,0.0,20,7,cnn_lstm_cql_thr0.2
0.9812716201820839,-0.20453006580431188,0.14026754810819644,-1.6305864980748124,-0.9068891758513784,-0.04438844676850274,-4.607731981949925,0.2,4.0,20,8,cnn_lstm_cql_thr0
0.9812716201820839,-0.20453006580431188,0.14026754810819644,-1.6305864980748124,-0.9068891758513784,-0.04438844676850274,-4.607731981949925,0.2,4.0,20,8,cnn_lstm_cql_thr0.1
0.9927809300912298,-0.07689241495636512,0.15396869639656793,-0.5195652939641178,-0.20751363460494826,-0.04438844676850274,-1.732261895924834,0.09590877531874388,1.9181755063748775,20,8,cnn_lstm_cql_thr0.2
0.9970523642455369,-0.03625311292332367,0.023769702655064586,-1.5534009517551748,1.2266046618025812,-0.005695640275685676,-6.365063657212675,0.13500666091230926,2.7001332182461852,20,9,cnn_lstm_cql_thr0
0.9970523642455369,-0.03625311292332367,0.023769702655064586,-1.5534009517551748,1.2266046618025812,-0.005695640275685676,-6.365063657212675,0.13500666091230926,2.7001332182461852,20,9,cnn_lstm_cql_thr0.1
1.008569540662986,0.11482147663404585,0.049942299184358316,2.1768666626346183,3.285984698781074,-0.004821365793122582,23.815134872743425,0.09803811270044337,1.9607622540088674,20,9,cnn_lstm_cql_thr0.2
0.9909194792756573,-0.1073074257533203,0.054794891567818506,-2.071132067487089,0.11202998612071106,-0.012537960891892002,-8.558602684963983,0.23718517087365454,4.743703417473091,20,10,cnn_lstm_cql_thr0
0.9909194792756573,-0.1073074257533203,0.054794891567818506,-2.071132067487089,0.11202998612071106,-0.012537960891892002,-8.558602684963983,0.23718517087365454,4.743703417473091,20,10,cnn_lstm_cql_thr0.1
0.9907891404432109,-0.10878455502979556,0.05482110658320638,-2.1003364084317067,0.11202998612071106,-0.01253796089189217,-8.676415245491988,0.2404695142210757,4.809390284421514,20,10,cnn_lstm_cql_thr0.2
1.027594594552376,0.41409470210032673,0.08604652401847078,4.029539337153381,4.029539337153381,-0.019683991588932182,21.03713061598552,0.0,0.0,20,11,cnn_lstm_cql_thr0
1.027594594552376,0.41409470210032673,0.08604652401847078,4.029539337153381,4.029539337153381,-0.019683991588932182,21.03713061598552,0.0,0.0,20,11,cnn_lstm_cql_thr0.1
1.027594594552376,0.41409470210032673,0.08604652401847078,4.029539337153381,4.029539337153381,-0.019683991588932182,21.03713061598552,0.0,0.0,20,11,cnn_lstm_cql_thr0.2
1.0435613992903583,0.7181447848777043,0.09185629685466315,5.898634852910837,6.629989073617453,-0.015408520379039625,46.60699192471487,0.09999737845235071,1.9999475690470143,20,12,cnn_lstm_cql_thr0
1.0435613992903583,0.7181447848777043,0.09185629685466315,5.898634852910837,6.629989073617453,-0.015408520379039625,46.60699192471487,0.09999737845235071,1.9999475690470143,20,12,cnn_lstm_cql_thr0.1
1.0510401659524364,0.8801188511663318,0.09315336560146956,6.785868564431278,7.553044830071532,-0.01540852037903973,57.11897245913118,0.09999737845235071,1.9999475690470143,20,12,cnn_lstm_cql_thr0.2
1.0009247291953034,0.012157792474813967,0.030373153850322812,0.39787668866266407,2.7219116129263976,-0.008599683014277668,1.4137489084922001,0.14633168252581946,2.926633650516389,20,13,cnn_lstm_cql_thr0
1.0009247291953034,0.012157792474813967,0.030373153850322812,0.39787668866266407,2.7219116129263976,-0.008599683014277668,1.4137489084922001,0.14633168252581946,2.926633650516389,20,13,cnn_lstm_cql_thr0.1
1.0009247291953034,0.012157792474813967,0.030373153850322812,0.39787668866266407,2.7219116129263976,-0.008599683014277668,1.4137489084922001,0.14633168252581946,2.926633650516389,20,13,cnn_lstm_cql_thr0.2
0.6883470265187164,-0.9893633223860436,0.5680112412774286,-7.927191681974947,-7.614439265484114,-0.31177545518035776,-3.173320112109886,0.3101695358510663,6.2033907170213265,20,14,cnn_lstm_cql_thr0
0.7604433421078182,-0.9645463795573883,0.46957437551619424,-7.06490729315781,-6.746441740614143,-0.23969196811944038,-4.024108054704392,0.309286939400047,6.18573878800094,20,14,cnn_lstm_cql_thr0.1
0.8616794251007351,-0.8407656720941534,0.2791455018345337,-6.558215364279092,-6.558215364279092,-0.14604708885083284,-5.7568122631522,0.0,0.0,20,14,cnn_lstm_cql_thr0.2
1.0882843166079281,2.875507911238334,0.7747682941605009,1.7532008478006706,1.8018984621484901,-0.17003435144835308,16.911335190476215,0.07142857142857142,1.4285714285714286,20,15,cnn_lstm_cql_thr0
1.0882843166079281,2.875507911238334,0.7747682941605009,1.7532008478006706,1.8018984621484901,-0.17003435144835308,16.911335190476215,0.07142857142857142,1.4285714285714286,20,15,cnn_lstm_cql_thr0.1
1.096112164724846,2.4415376637497426,0.40941139893729184,3.0261836216888094,3.0261836216888094,-0.09174480858682398,26.61227050726428,0.0,0.0,20,15,cnn_lstm_cql_thr0.2
0.9264318584488633,-0.6106716539429761,0.1994972238260925,-4.719708729534719,-3.490837930969375,-0.0905445157734161,-6.744435582063927,0.5488930841504032,10.977861683008063,20,16,cnn_lstm_cql_thr0
0.9264318584488633,-0.6106716539429761,0.1994972238260925,-4.719708729534719,-3.490837930969375,-0.0905445157734161,-6.744435582063927,0.5488930841504032,10.977861683008063,20,16,cnn_lstm_cql_thr0.1
0.926606730799767,-0.6097341014900901,0.19964068358641354,-4.70431434299585,-3.490837930969375,-0.09054451577341623,-6.734080979746179,0.5441386048465671,10.88277209693134,20,16,cnn_lstm_cql_thr0.2
1.024190035112758,0.35261228675627265,0.04285966607377664,7.051357497488291,9.118726340633504,-0.0022188466762262495,158.91692316297647,0.0924156580646562,1.8483131612931238,20,17,cnn_lstm_cql_thr0
1.0247910274294048,0.36266547606646626,0.04319121349656537,7.168883037877771,9.14807061651057,-0.0022083104697008154,164.22757625905774,0.08440615955788003,1.6881231911576005,20,17,cnn_lstm_cql_thr0.1
1.0014261704739773,0.021864375972641348,0.08781641093239698,0.24630597428627996,0.24630597428627996,-0.020905798536986722,1.045852227742399,0.0,0.0,20,17,cnn_lstm_cql_thr0.2
1.0085327328716824,0.11322021480723565,0.02055568962236395,5.218980258224272,6.913113855798224,-0.0024719518822211503,45.80194931039784,0.0751332910079306,1.502665820158612,20,18,cnn_lstm_cql_thr0
1.0085327328716824,0.11322021480723565,0.02055568962236395,5.218980258224272,6.913113855798224,-0.0024719518822211503,45.80194931039784,0.0751332910079306,1.502665820158612,20,18,cnn_lstm_cql_thr0.1
1.0070349102658962,0.09256765770968012,0.020579475779855843,4.302642542605045,6.913113855798224,-0.002471951882220995,37.44719238891903,0.11230315281930267,2.2460630563860535,20,18,cnn_lstm_cql_thr0.2
1.0019357595649783,0.036255903545214574,0.15397351271285964,0.23131667626075014,6.656523150222369,-0.03726805075109466,0.9728414235388911,1.966326106271243,39.32652212542486,20,19,cnn_lstm_cql_thr0
1.0019357595649783,0.036255903545214574,0.15397351271285964,0.23131667626075014,6.656523150222369,-0.03726805075109466,0.9728414235388911,1.966326106271243,39.32652212542486,20,19,cnn_lstm_cql_thr0.1
1.0584610470376423,1.0731693372915183,0.16727481944096714,4.364878174659943,4.640439600719467,-0.016122138631308174,66.56494909474921,0.09965943960457628,1.9931887920915257,20,19,cnn_lstm_cql_thr0.2
0.9875317171655793,-0.14593402489674656,0.02677914807318377,-5.888815827609084,-3.157971898640863,-0.015058453736499833,-9.691169322585925,0.16145213166020908,3.2290426332041817,20,20,cnn_lstm_cql_thr0
0.9760536242743872,-0.23298521571311492,0.288184888811005,-0.9199290596931076,-0.9199290596931076,-0.07628033076843783,-3.0543288599571223,0.0,0.0,20,20,cnn_lstm_cql_thr0.1
1.0548688959760137,0.9682067072818401,0.09288817094563397,7.299458570155413,7.299458570155413,-0.00896895050905805,107.95094769494101,0.0,0.0,20,20,cnn_lstm_cql_thr0.2
0.8891352519923993,-0.7701984165494478,0.14467923900155133,-10.13453431142264,-4.651609287008712,-0.09529770240964876,-8.082025033915889,1.602536479671197,32.05072959342394,20,21,cnn_lstm_cql_thr0
0.959222501840189,-0.39739328737578195,0.19441052573309858,-2.602646428038048,-2.3886459924971484,-0.042600952327133526,-9.328272389879722,0.1,2.0,20,21,cnn_lstm_cql_thr0.1
0.9564412903251287,-0.4114357582037028,0.254856121336523,-2.077690335095071,-2.077690335095071,-0.08934299021487824,-4.605126347508198,0.0,0.0,20,21,cnn_lstm_cql_thr0.2
0.9949123272713786,-0.059859699320172766,0.07305878185092385,-0.8447800263592415,-0.8447800263592415,-0.02058035310965924,-2.9085846584468005,0.0,0.0,20,22,cnn_lstm_cql_thr0
0.9808575346465536,-0.20352291395423294,0.18320257806176074,-1.2415447931573778,-1.2415447931573778,-0.04616525629302367,-4.408573249597416,0.0,0.0,20,22,cnn_lstm_cql_thr0.1
1.0024990561766238,0.05408352681582973,0.21095978113007885,0.24970256940988164,0.24970256940988164,-0.06739106359909319,0.802532619718996,0.0,0.0,20,22,cnn_lstm_cql_thr0.2
1.0762966607337143,1.5479575761474806,0.13715474237633,6.831917569616137,8.001971717509585,-0.011115546099803456,139.26059612805273,0.31590015274852185,6.318003054970437,20,23,cnn_lstm_cql_thr0
1.0967994470871774,2.2337370721219574,0.14172875043019562,8.30019097230442,8.30019097230442,-0.013303685342472072,167.90363080752837,0.0,0.0,20,23,cnn_lstm_cql_thr0.1
1.1592082068696186,5.545289708007785,0.19180445455957654,9.831713486233612,9.831713486233612,-0.012605257332189953,439.91880227996774,0.0,0.0,20,23,cnn_lstm_cql_thr0.2
1.0361476064778274,0.5819056430476273,0.15386850058774246,2.983377491692171,3.4205174217141425,-0.0225641408197369,25.788956366494276,0.09999999999999999,1.9999999999999998,20,24,cnn_lstm_cql_thr0
1.030247512417808,0.46031774062518505,0.08200229205406843,4.621074088238851,6.104469352392317,-0.012730564275593879,36.15847111409453,0.2673372629731292,5.346745259462584,20,24,cnn_lstm_cql_thr0.1
1.0596609925921503,1.090621509243074,0.12441779339292504,5.935979845353042,5.935979845353042,-0.01301740849930003,83.7817687984301,0.0,0.0,20,24,cnn_lstm_cql_thr0.2
0.9845193598420476,-0.1644874606232143,0.18772670398491514,-0.9569542081454264,-0.9569542081454264,-0.06419855934740347,-2.5621674737762947,0.0,0.0,20,25,cnn_lstm_cql_thr0
0.9845193598420476,-0.1644874606232143,0.18772670398491514,-0.9569542081454264,-0.9569542081454264,-0.06419855934740347,-2.5621674737762947,0.0,0.0,20,25,cnn_lstm_cql_thr0.1
1.0566478305684763,1.0261604955871597,0.1585833910279786,4.459060313169386,4.459060313169386,-0.01760107786588462,58.30100312073049,0.0,0.0,20,25,cnn_lstm_cql_thr0.2
1.0416629442817493,0.7025870081950072,0.19392205501568147,2.747037356638857,3.1207761156922533,-0.02049575809195241,34.27963020654872,0.1,2.0,20,26,cnn_lstm_cql_thr0
0.9733901897988567,-0.28086627634309425,0.1456078757682648,-2.2628745598132918,-2.2628745598132918,-0.04539969349304936,-6.1865236245723665,0.0,0.0,20,26,cnn_lstm_cql_thr0.1
1.0459371858518387,0.7903972601996918,0.18684811334791102,3.1207761156922533,3.1207761156922533,-0.020495758091952355,38.56394365378662,0.0,0.0,20,26,cnn_lstm_cql_thr0.2
0.9574810715332327,-0.40115246132044247,0.2698109650780641,-1.8984660048608655,-1.8984660048608655,-0.06372885431338401,-6.294675553836129,0.0,0.0,20,27,cnn_lstm_cql_thr0
0.9607692018768998,-0.38877636581405817,0.1583549020120241,-3.1057569001326772,-3.1057569001326772,-0.05023520361304013,-7.7391219274990455,0.0,0.0,20,27,cnn_lstm_cql_thr0.1
0.9574810715332327,-0.40115246132044247,0.2698109650780641,-1.8984660048608655,-1.8984660048608655,-0.06372885431338401,-6.294675553836129,0.0,0.0,20,27,cnn_lstm_cql_thr0.2
1.0558299101251891,1.007221444903228,0.1607275224695477,4.340983403652973,4.340983403652973,-0.024450510011963533,41.19429183319279,0.0,0.0,20,28,cnn_lstm_cql_thr0
1.0287614603029425,0.44398881193578177,0.14617787661727336,2.5152729512863385,2.5152729512863385,-0.02878450450461499,15.424577201410484,0.0,0.0,20,28,cnn_lstm_cql_thr0.1
1.0558299101251891,1.007221444903228,0.1607275224695477,4.340983403652973,4.340983403652973,-0.024450510011963533,41.19429183319279,0.0,0.0,20,28,cnn_lstm_cql_thr0.2
1.0050165303302678,0.07245649368309315,0.12042963158186747,0.5809327362089646,1.287094731916401,-0.03146812567383334,2.3025360466048608,0.16666666666666666,3.333333333333333,20,29,cnn_lstm_cql_thr0
1.0023673750669184,0.03702796108750617,0.11742125783476655,0.3096672278112148,1.287094731916401,-0.03146812567383328,1.176681492609395,0.2333333333333333,4.666666666666666,20,29,cnn_lstm_cql_thr0.1
1.0050165303302678,0.07245649368309315,0.12042963158186747,0.5809327362089646,1.287094731916401,-0.03146812567383334,2.3025360466048608,0.16666666666666666,3.333333333333333,20,29,cnn_lstm_cql_thr0.2
0.9562109894041209,-0.42861318213493727,0.09685918544651449,-5.771964585122827,-2.288541085846824,-0.05501911040427751,-7.790260129353425,0.7,14.0,20,30,cnn_lstm_cql_thr0
0.9562109894041209,-0.42861318213493727,0.09685918544651449,-5.771964585122827,-2.288541085846824,-0.05501911040427751,-7.790260129353425,0.7,14.0,20,30,cnn_lstm_cql_thr0.1
0.9973146817014492,-0.03129121917208866,0.06625617751523888,-0.4797928885602478,0.7527569095251339,-0.023296801409575137,-1.343155166323724,0.16666666666666666,3.333333333333333,20,30,cnn_lstm_cql_thr0.2
0.9835341421323966,-0.18101560448833354,0.14157850207059886,-1.4098973144054383,-1.4098973144054383,-0.05361164628397374,-3.376423166144125,0.0,0.0,20,31,cnn_lstm_cql_thr0
0.9835341421323966,-0.18101560448833354,0.14157850207059886,-1.4098973144054383,-1.4098973144054383,-0.05361164628397374,-3.376423166144125,0.0,0.0,20,31,cnn_lstm_cql_thr0.1
1.0163582400115416,0.22761286757562949,0.03631159941327822,5.6498472279019225,5.6498472279019225,-0.0036462765201986233,62.42336978963701,0.0,0.0,20,31,cnn_lstm_cql_thr0.2
1.0116671586043904,0.1592778093098497,0.058799797954658346,2.514304265416906,2.9293742881327556,-0.016640414052808472,9.571745558997536,0.07142857142857142,1.4285714285714286,20,32,cnn_lstm_cql_thr0
1.0116671586043904,0.1592778093098497,0.058799797954658346,2.514304265416906,2.9293742881327556,-0.016640414052808472,9.571745558997536,0.07142857142857142,1.4285714285714286,20,32,cnn_lstm_cql_thr0.1
1.0122420477244751,0.16764968101527633,0.05947419466726683,2.606854681580265,2.9293742881327556,-0.016640414052808184,10.07485033024069,0.05714285714285714,1.1428571428571428,20,32,cnn_lstm_cql_thr0.2
1.0068622027576928,0.09281492673988367,0.0739462324344056,1.2005006654586283,1.2005006654586283,-0.009283433843649255,9.997908996074534,0.0,0.0,20,33,cnn_lstm_cql_thr0
1.0068622027576928,0.09281492673988367,0.0739462324344056,1.2005006654586283,1.2005006654586283,-0.009283433843649255,9.997908996074534,0.0,0.0,20,33,cnn_lstm_cql_thr0.1
1.0068622027576928,0.09281492673988367,0.0739462324344056,1.2005006654586283,1.2005006654586283,-0.009283433843649255,9.997908996074534,0.0,0.0,20,33,cnn_lstm_cql_thr0.2
0.9821464260880639,-0.2025064595250763,0.038519890847037816,-5.871771063878425,-5.239586428114334,-0.019824299716011132,-10.215062444880289,0.05714285714285714,1.1428571428571428,20,34,cnn_lstm_cql_thr0
0.9821464260880639,-0.2025064595250763,0.038519890847037816,-5.871771063878425,-5.239586428114334,-0.019824299716011132,-10.215062444880289,0.05714285714285714,1.1428571428571428,20,34,cnn_lstm_cql_thr0.1
1.000750547346411,0.011765299277260777,0.06866253058569428,0.17035343163493727,0.17035343163493727,-0.013132293203299866,0.8959059240547879,0.0,0.0,20,34,cnn_lstm_cql_thr0.2
1.0066216051985868,0.08699731799899246,0.02348884817343053,3.552023866591511,5.038041530981226,-0.005727510836741533,15.189376411286993,0.06904964794310711,1.3809929588621424,20,35,cnn_lstm_cql_thr0
1.0066216051985868,0.08699731799899246,0.02348884817343053,3.552023866591511,5.038041530981226,-0.005727510836741533,15.189376411286993,0.06904964794310711,1.3809929588621424,20,35,cnn_lstm_cql_thr0.1
1.0057941248904665,0.07580693869178745,0.024099193966482146,3.032533607017262,5.038041530981226,-0.0057275108367415015,13.235581887596318,0.0895880084860269,1.7917601697205379,20,35,cnn_lstm_cql_thr0.2
0.9951608098656717,-0.05906001975735897,0.022739658266167435,-2.6767584317536945,-2.6767584317536945,-0.004907080677767882,-12.035673272081603,0.0,0.0,20,36,cnn_lstm_cql_thr0
0.9951608098656717,-0.05906001975735897,0.022739658266167435,-2.6767584317536945,-2.6767584317536945,-0.004907080677767882,-12.035673272081603,0.0,0.0,20,36,cnn_lstm_cql_thr0.1
0.9951608098656717,-0.05906001975735897,0.022739658266167435,-2.6767584317536945,-2.6767584317536945,-0.004907080677767882,-12.035673272081603,0.0,0.0,20,36,cnn_lstm_cql_thr0.2
0.9460461316823396,-0.5003974527060066,0.10142434811132917,-6.832558679829218,-3.542033050796733,-0.04641472936074893,-10.78100550402374,0.6589629542771762,13.179259085543524,20,37,cnn_lstm_cql_thr0
1.0011539424915177,0.026074809973679614,0.153655537564802,0.16753039552428858,0.46241111437221083,-0.02940719305990666,0.8866813612765249,0.0912913610815396,1.825827221630792,20,37,cnn_lstm_cql_thr0.1
0.9946861732363049,-0.06468229687779015,0.023550917231831545,-2.8389614765004674,-2.8389614765004674,-0.00834884704302839,-7.747452617640464,0.0,0.0,20,37,cnn_lstm_cql_thr0.2
1.0208819263792435,0.3010217183421844,0.07615250938208248,3.457369158888741,5.722322747982415,-0.013463823053660699,22.357818959923062,0.337141342485188,6.742826849703761,20,38,cnn_lstm_cql_thr0
1.0217987791587844,0.31573292993174196,0.07522443977860445,3.649655821900012,5.722322747982415,-0.013463823053660855,23.450466384872254,0.3148080542300183,6.2961610846003655,20,38,cnn_lstm_cql_thr0.1
1.0188778276015236,0.26938603076830825,0.07809355813444843,3.0559021471540126,5.559273532641154,-0.013463823053660826,20.00813808192926,0.36899961843901236,7.379992368780247,20,38,cnn_lstm_cql_thr0.2
1.2089268679846095,10.249511228253574,0.252952223885088,9.61440426794788,9.614879353905833,-0.01634398278000007,627.1122140923799,0.0001836048444927325,0.0036720968898546497,20,39,cnn_lstm_cql_thr0
1.2089268679846095,10.249511228253574,0.252952223885088,9.61440426794788,9.614879353905833,-0.01634398278000007,627.1122140923799,0.0001836048444927325,0.0036720968898546497,20,39,cnn_lstm_cql_thr0.1
1.2087049460811385,10.22258551495303,0.2525937870479076,9.618468784806948,9.618468784806948,-0.016327548997857762,626.0943094578539,0.0,0.0,20,39,cnn_lstm_cql_thr0.2
0.9684781459686725,-0.2596654880866254,0.46096460102717407,-0.6518371965789053,-0.6518371965789053,-0.13145716691810727,-1.9752858986257245,0.0,0.0,20,40,cnn_lstm_cql_thr0
0.9684781459686725,-0.2596654880866254,0.46096460102717407,-0.6518371965789053,-0.6518371965789053,-0.13145716691810727,-1.9752858986257245,0.0,0.0,20,40,cnn_lstm_cql_thr0.1
0.9684979941831402,-0.25967778812237186,0.4603524417715644,-0.6527400323678104,-0.6527400323678104,-0.13131304796818324,-1.9775474877811914,0.0,0.0,20,40,cnn_lstm_cql_thr0.2
0.949379885161392,-0.4787450754304182,0.07934524435861712,-8.200549132969778,-8.272017024209891,-0.03980204653790161,-12.0281522452503,0.09999999999999999,1.9999999999999998,20,41,cnn_lstm_cql_thr0
0.949379885161392,-0.4787450754304182,0.07934524435861712,-8.200549132969778,-8.272017024209891,-0.03980204653790161,-12.0281522452503,0.09999999999999999,1.9999999999999998,20,41,cnn_lstm_cql_thr0.1
0.949380408862696,-0.4787414946035222,0.07934418951179724,-8.200571799497764,-8.272017024209891,-0.039802046537901536,-12.028062279351394,0.0999864050280124,1.9997281005602479,20,41,cnn_lstm_cql_thr0.2
0.9168837112481322,-0.6631517354414702,0.10445300120911497,-10.394884208688694,-1.892399305158725,-0.08842398057403743,-7.499681999570389,1.72973312292966,34.5946624585932,20,42,cnn_lstm_cql_thr0
0.9168837112481322,-0.6631517354414702,0.10445300120911497,-10.394884208688694,-1.892399305158725,-0.08842398057403743,-7.499681999570389,1.72973312292966,34.5946624585932,20,42,cnn_lstm_cql_thr0.1
0.9168837112481322,-0.6631517354414702,0.10445300120911497,-10.394884208688694,-1.892399305158725,-0.08842398057403743,-7.499681999570389,1.72973312292966,34.5946624585932,20,42,cnn_lstm_cql_thr0.2
0.8267177745652752,-0.9043319228388559,0.32298392959410077,-7.232484535334712,-4.347430380406713,-0.1899827333306232,-4.760074281408852,1.7962172493653092,35.924344987306185,20,43,cnn_lstm_cql_thr0
0.9010696885531929,-0.7179560718807092,0.3119481424385145,-4.047208696434736,-3.909272174817063,-0.13110244964216747,-5.476297916936768,0.09768389825161264,1.9536779650322529,20,43,cnn_lstm_cql_thr0.1
0.9811715008457319,-0.21065508455657422,0.07854184894771707,-3.0103812289381424,-3.0103812289381424,-0.03474768228923604,-6.062421165334238,0.0,0.0,20,43,cnn_lstm_cql_thr0.2
0.9726165418294687,-0.28498326610860925,0.17286726443530248,-1.9392113725982543,-1.0630651403442002,-0.045091487491107765,-6.320112330843137,0.29998052470187275,5.999610494037455,20,44,cnn_lstm_cql_thr0
0.970675209760071,-0.30280768833361305,0.17244003827699195,-2.0902105119680847,-1.0630651403442002,-0.0450914874911078,-6.715406946673201,0.35,7.0,20,44,cnn_lstm_cql_thr0.1
0.9726918362453145,-0.284282878106358,0.17288969023639614,-1.933304431963451,-1.0630651403442002,-0.045091487491107765,-6.304579731649345,0.2980405231777272,5.9608104635545445,20,44,cnn_lstm_cql_thr0.2
0.979367819409797,-0.2217507668878873,0.15846591679241478,-1.5813102886153834,-1.1442766112865341,-0.043868401140861844,-5.054908798153904,0.13333333333333333,2.6666666666666665,20,45,cnn_lstm_cql_thr0
0.979367819409797,-0.2217507668878873,0.15846591679241478,-1.5813102886153834,-1.1442766112865341,-0.043868401140861844,-5.054908798153904,0.13333333333333333,2.6666666666666665,20,45,cnn_lstm_cql_thr0.1
0.979367819409797,-0.2217507668878873,0.15846591679241478,-1.5813102886153834,-1.1442766112865341,-0.043868401140861844,-5.054908798153904,0.13333333333333333,2.6666666666666665,20,45,cnn_lstm_cql_thr0.2
0.874948338437186,-0.8091133532293387,0.23747976926858386,-6.950679488386807,-4.349657119724914,-0.13426749365477053,-6.026129863641727,1.0841162289632236,21.68232457926447,20,46,cnn_lstm_cql_thr0
0.9003304676636575,-0.7296799490696746,0.17552459215901262,-7.433483573485212,-7.433483573485212,-0.09778710042661118,-7.461924383546851,0.0,0.0,20,46,cnn_lstm_cql_thr0.1
0.9003304676636575,-0.7296799490696746,0.17552459215901262,-7.433483573485212,-7.433483573485212,-0.09778710042661118,-7.461924383546851,0.0,0.0,20,46,cnn_lstm_cql_thr0.2
1.018873712911514,0.29068790302650305,0.20374558985486146,1.2530557030593492,2.6583930880772324,-0.04512325347028183,6.442086522372552,0.5537879209786123,11.075758419572246,20,47,cnn_lstm_cql_thr0
1.0022641461187496,0.04945173056462715,0.2045819447172905,0.23595674280997014,1.5103707415940035,-0.045123253470282315,1.0959256427995716,0.520454587645279,10.40909175290558,20,47,cnn_lstm_cql_thr0.1
0.9716266175680186,-0.2919168540810182,0.19192718002522838,-1.7973349904884235,-0.21575706311115406,-0.05505421200870281,-5.302352779745042,0.60140696859766,12.028139371953198,20,47,cnn_lstm_cql_thr0.2
1.039084975133177,0.6391051903789031,0.15360068576857283,3.2202674425875597,3.4534418516009757,-0.013193601154958698,48.44054196216938,0.0857142857142857,1.714285714285714,20,48,cnn_lstm_cql_thr0
1.039084975133177,0.6391051903789031,0.15360068576857283,3.2202674425875597,3.4534418516009757,-0.013193601154958698,48.44054196216938,0.0857142857142857,1.714285714285714,20,48,cnn_lstm_cql_thr0.1
1.039084975133177,0.6391051903789031,0.15360068576857283,3.2202674425875597,3.4534418516009757,-0.013193601154958698,48.44054196216938,0.0857142857142857,1.714285714285714,20,48,cnn_lstm_cql_thr0.2
1.0041581730139502,0.05914145095504808,0.10435031794264898,0.550694815423582,2.5744895897066753,-0.01429465613287487,4.137311902105465,0.3895521430615867,7.791042861231734,20,49,cnn_lstm_cql_thr0
1.0041581730139502,0.05914145095504808,0.10435031794264898,0.550694815423582,2.5744895897066753,-0.01429465613287487,4.137311902105465,0.3895521430615867,7.791042861231734,20,49,cnn_lstm_cql_thr0.1
1.02317637268704,0.33995580927086433,0.09126738803160231,3.2082282665573034,3.617256196396534,-0.011366430184109471,29.908757962207897,0.07142857142857142,1.4285714285714284,20,49,cnn_lstm_cql_thr0.2
0.9922647594308323,-0.08497143162297294,0.13802043243689505,-0.6432695976413662,5.007695040135234,-0.036493837342526925,-2.3283775511311933,1.5656450044259984,31.312900088519967,20,50,cnn_lstm_cql_thr0
0.9922647594308323,-0.08497143162297294,0.13802043243689505,-0.6432695976413662,5.007695040135234,-0.036493837342526925,-2.3283775511311933,1.5656450044259984,31.312900088519967,20,50,cnn_lstm_cql_thr0.1
1.0362453832005347,0.5941985771535696,0.1937801553648376,2.4089307164131997,2.737895979472309,-0.031866509799145494,18.64649065425744,0.1,2.0,20,50,cnn_lstm_cql_thr0.2
0.9768523977850383,-0.25411182418779,0.06333618859430312,-4.626251069867519,-4.3430687111746815,-0.03241733256501676,-7.838764145018376,0.042616622218160975,0.8523324443632195,20,51,cnn_lstm_cql_thr0
0.9768523977850383,-0.25411182418779,0.06333618859430312,-4.626251069867519,-4.3430687111746815,-0.03241733256501676,-7.838764145018376,0.042616622218160975,0.8523324443632195,20,51,cnn_lstm_cql_thr0.1
1.0377848959214777,0.6178576828223277,0.1706685618252339,2.821623321922802,2.821623321922802,-0.03395844580871323,18.19452180770283,0.0,0.0,20,51,cnn_lstm_cql_thr0.2
1.0039834057649406,0.053553845590892823,0.06611424476852468,0.7891561745240208,1.4029320513735624,-0.008112233243494908,6.601615607371365,0.0729717770267703,1.459435540535406,20,52,cnn_lstm_cql_thr0
1.0039834057649406,0.053553845590892823,0.06611424476852468,0.7891561745240208,1.4029320513735624,-0.008112233243494908,6.601615607371365,0.0729717770267703,1.459435540535406,20,52,cnn_lstm_cql_thr0.1
0.9857761780512347,-0.15777405209205275,0.13559769783442494,-1.265865656218356,-0.9214863526487701,-0.02306568861990341,-6.840205583799884,0.09293592102119376,1.8587184204238751,20,52,cnn_lstm_cql_thr0.2
1.010986877789222,0.148660157203359,0.04393116555300145,3.1557164610038404,3.1557164610038404,-0.010061557964677982,14.775063437018806,0.0,0.0,20,53,cnn_lstm_cql_thr0
1.010986877789222,0.148660157203359,0.04393116555300145,3.1557164610038404,3.1557164610038404,-0.010061557964677982,14.775063437018806,0.0,0.0,20,53,cnn_lstm_cql_thr0.1
1.0105648004287269,0.14279216021435603,0.04715967401411277,2.831017989400913,2.831017989400913,-0.010298361453463552,13.865522283288287,0.0,0.0,20,53,cnn_lstm_cql_thr0.2
0.9801767216518743,-0.21883428689281126,0.1059221211437501,-2.3304574113948147,-0.4930862811128333,-0.025758833828158342,-8.49550442976933,0.3868240061221885,7.736480122443769,20,54,cnn_lstm_cql_thr0
0.9801767216518743,-0.21883428689281126,0.1059221211437501,-2.3304574113948147,-0.4930862811128333,-0.025758833828158342,-8.49550442976933,0.3868240061221885,7.736480122443769,20,54,cnn_lstm_cql_thr0.1
0.9803415549434489,-0.21718269521042743,0.1058559421362597,-2.311981866803013,-0.4930862811128333,-0.025758833828158394,-8.431386943185801,0.3826375506896019,7.652751013792038,20,54,cnn_lstm_cql_thr0.2
0.9821820507205526,-0.19953322410440588,0.09137047764461313,-2.4347251577042117,-1.1256131396320728,-0.023339102265006975,-8.549310159353134,0.23434731605617656,4.686946321123531,20,55,cnn_lstm_cql_thr0
0.9821820507205526,-0.19953322410440588,0.09137047764461313,-2.4347251577042117,-1.1256131396320728,-0.023339102265006975,-8.549310159353134,0.23434731605617656,4.686946321123531,20,55,cnn_lstm_cql_thr0.1
0.9821820507205526,-0.19953322410440588,0.09137047764461313,-2.4347251577042117,-1.1256131396320728,-0.023339102265006975,-8.549310159353134,0.23434731605617656,4.686946321123531,20,55,cnn_lstm_cql_thr0.2
1.0062885186085597,0.090158310030368,0.12432061519845057,0.6944762202858492,2.5742725388210115,-0.036357644891195195,2.4797621050587306,0.4450348367858017,8.900696735716034,20,56,cnn_lstm_cql_thr0
1.0062885186085597,0.090158310030368,0.12432061519845057,0.6944762202858492,2.5742725388210115,-0.036357644891195195,2.4797621050587306,0.4450348367858017,8.900696735716034,20,56,cnn_lstm_cql_thr0.1
1.0221820004469384,0.32531390494130963,0.10481930893044003,2.688500771562435,2.991619517259819,-0.029283874821443796,11.108977446628442,0.07055392253173845,1.4110784506347689,20,56,cnn_lstm_cql_thr0.2
0.9936447926789566,-0.07212455974964405,0.10728692989238894,-0.6976307534478517,-0.6976307534478517,-0.03360502904482724,-2.1462430415826717,0.0,0.0,20,57,cnn_lstm_cql_thr0
0.9936447926789566,-0.07212455974964405,0.10728692989238894,-0.6976307534478517,-0.6976307534478517,-0.03360502904482724,-2.1462430415826717,0.0,0.0,20,57,cnn_lstm_cql_thr0.1
0.9908488384019348,-0.10566410007502591,0.09351189829849073,-1.1939561586809952,-1.1939561586809952,-0.02849968291666806,-3.7075535325773115,0.0,0.0,20,57,cnn_lstm_cql_thr0.2
0.9960573512832246,-0.047071666994979666,0.057336248073503994,-0.8408462174734828,0.0709214822306315,-0.013151202702059198,-3.5792670876869113,0.10350586392409175,2.070117278481835,20,58,cnn_lstm_cql_thr0
0.9960573512832246,-0.047071666994979666,0.057336248073503994,-0.8408462174734828,0.0709214822306315,-0.013151202702059198,-3.5792670876869113,0.10350586392409175,2.070117278481835,20,58,cnn_lstm_cql_thr0.1
0.9961048797439788,-0.04650053751512906,0.057298692503900836,-0.8309425085054785,0.0709214822306315,-0.013151202702059182,-3.5358391600068733,0.10231727655582012,2.0463455311164025,20,58,cnn_lstm_cql_thr0.2
0.9337889184329937,-0.5753273392267793,0.11893949848962847,-7.18838527167077,-3.5169184998990395,-0.09216932724912838,-6.242069421551734,0.8790731279105966,17.581462558211932,20,59,cnn_lstm_cql_thr0
0.9337889184329937,-0.5753273392267793,0.11893949848962847,-7.18838527167077,-3.5169184998990395,-0.09216932724912838,-6.242069421551734,0.8790731279105966,17.581462558211932,20,59,cnn_lstm_cql_thr0.1
0.9337889184329937,-0.5753273392267793,0.11893949848962847,-7.18838527167077,-3.5169184998990395,-0.09216932724912838,-6.242069421551734,0.8790731279105966,17.581462558211932,20,59,cnn_lstm_cql_thr0.2
1.0066288409302901,0.0897710550397881,0.07575746466104367,1.1349679998536624,1.8848202367573155,-0.01613160763539993,5.564916843302737,0.11235673452141356,2.2471346904282714,20,60,cnn_lstm_cql_thr0
1.0066288409302901,0.0897710550397881,0.07575746466104367,1.1349679998536624,1.8848202367573155,-0.01613160763539993,5.564916843302737,0.11235673452141356,2.2471346904282714,20,60,cnn_lstm_cql_thr0.1
1.0078160981800361,0.10599785782510529,0.0747576803788258,1.3479298391177061,1.9530059983269075,-0.015185567238013644,6.980171116674756,0.08873917114397115,1.774783422879423,20,60,cnn_lstm_cql_thr0.2
0.9756521898662418,-0.2642396366564371,0.088409935372718,-3.468660628895165,5.901219104215505,-0.02741309018261775,-9.639177301652323,1.6446854881783444,32.89370976356689,20,61,cnn_lstm_cql_thr0
0.9756521898662418,-0.2642396366564371,0.088409935372718,-3.468660628895165,5.901219104215505,-0.02741309018261775,-9.639177301652323,1.6446854881783444,32.89370976356689,20,61,cnn_lstm_cql_thr0.1
1.0066059851338278,0.10303375846344665,0.17969294426024315,0.5458390662014008,3.198377019411268,-0.021478401285608413,4.79708694764374,0.8971098984383643,17.942197968767285,20,61,cnn_lstm_cql_thr0.2
1.0125803855754634,0.17207882492626125,0.051519620611984715,3.0828832892096654,3.6425809861857705,-0.010415246397246291,16.521819874732635,0.056841076920649956,1.1368215384129992,20,62,cnn_lstm_cql_thr0
1.0125803855754634,0.17207882492626125,0.051519620611984715,3.0828832892096654,3.6425809861857705,-0.010415246397246291,16.521819874732635,0.056841076920649956,1.1368215384129992,20,62,cnn_lstm_cql_thr0.1
1.0098293624980565,0.1326682732011799,0.053048222868656604,2.3489373129474034,3.6425809861857705,-0.010415246397246405,12.7378909860697,0.12474192489887075,2.494838497977415,20,62,cnn_lstm_cql_thr0.2
0.9708097432292515,-0.3098997355305151,0.07026205989633932,-5.275187468074323,0.6702951933362098,-0.031672933768658006,-9.784371027769357,0.8211470850300546,16.422941700601093,20,63,cnn_lstm_cql_thr0
1.0034995513874114,0.04621678001579199,0.049476399613345066,0.9132564533802603,0.9132564533802603,-0.00957782647521215,4.825393332756979,0.0,0.0,20,63,cnn_lstm_cql_thr0.1
1.0034995513874114,0.04621678001579199,0.049476399613345066,0.9132564533802603,0.9132564533802603,-0.00957782647521215,4.825393332756979,0.0,0.0,20,63,cnn_lstm_cql_thr0.2
0.946662678824499,-0.49686539332324064,0.08831687386218372,-7.767057298973463,0.8119130064268033,-0.05887080293484439,-8.439928938512175,1.5028948978138057,30.057897956276115,20,64,cnn_lstm_cql_thr0
0.9410581115857274,-0.5330136084352365,0.09135796194293871,-8.322272945614438,-0.8009267675522863,-0.05887080293484449,-9.053955133330719,1.3675553894671517,27.351107789343033,20,64,cnn_lstm_cql_thr0.1
1.0017332854445282,0.02304051178719302,0.044896107312680754,0.5073962549142568,0.5073962549142568,-0.006701891345041938,3.4379118671087374,0.0,0.0,20,64,cnn_lstm_cql_thr0.2
1.0505188104684569,0.8705482070453068,0.10540243451859488,5.948726910430006,5.948726910430006,-0.011754381729749528,74.06159056771224,0.0,0.0,20,65,cnn_lstm_cql_thr0
1.0505188104684569,0.8705482070453068,0.10540243451859488,5.948726910430006,5.948726910430006,-0.011754381729749528,74.06159056771224,0.0,0.0,20,65,cnn_lstm_cql_thr0.1
1.0008989799819388,0.011823758679592844,0.030163436966555327,0.3896995672870699,0.3896995672870699,-0.0058280013327700365,2.0287844845040617,0.0,0.0,20,65,cnn_lstm_cql_thr0.2
0.958334081501288,-0.4081960852232539,0.15623589020814693,-3.3541224217282575,-3.0053026688341298,-0.05653519611224501,-7.22021171400593,0.1,2.0,20,66,cnn_lstm_cql_thr0
0.958334081501288,-0.4081960852232539,0.15623589020814693,-3.3541224217282575,-3.0053026688341298,-0.05653519611224501,-7.22021171400593,0.1,2.0,20,66,cnn_lstm_cql_thr0.1
1.0011673344700223,0.03198366256116958,0.1878283975881339,0.1676253600154236,0.695795712815029,-0.041925475079021925,0.7628694129496725,0.19627090996413493,3.925418199282699,20,66,cnn_lstm_cql_thr0.2
1.0221060826383268,0.32483319083212026,0.11036293812704955,2.5501641158964437,3.1789148931479003,-0.024232502018183687,13.404855618638578,0.13333333333333333,2.6666666666666665,20,67,cnn_lstm_cql_thr0
1.0221060826383268,0.32483319083212026,0.11036293812704955,2.5501641158964437,3.1789148931479003,-0.024232502018183687,13.404855618638578,0.13333333333333333,2.6666666666666665,20,67,cnn_lstm_cql_thr0.1
1.0382803207529394,0.6167521542207364,0.12237140662285766,3.9296559547819956,3.9296559547819956,-0.023060419932593945,26.745053039949614,0.0,0.0,20,67,cnn_lstm_cql_thr0.2
1.0056393525122604,0.07891195116371241,0.10341994379245148,0.7345249398979533,0.7345249398979533,-0.017291119719076695,4.563727071801578,0.0,0.0,20,68,cnn_lstm_cql_thr0
1.0056393525122604,0.07891195116371241,0.10341994379245148,0.7345249398979533,0.7345249398979533,-0.017291119719076695,4.563727071801578,0.0,0.0,20,68,cnn_lstm_cql_thr0.1
1.0198109645168776,0.28626511780951813,0.09823250122684547,2.5640042051712806,2.5640042051712806,-0.01243194408643395,23.02657700350324,0.0,0.0,20,68,cnn_lstm_cql_thr0.2
1.0197024754487507,0.29224393500871293,0.1492426128743191,1.718749419196737,3.1499112401339318,-0.037220300738868506,7.851734919044534,0.3999999999999999,7.999999999999998,20,69,cnn_lstm_cql_thr0
1.0197024754487507,0.29224393500871293,0.1492426128743191,1.718749419196737,3.1499112401339318,-0.037220300738868506,7.851734919044534,0.3999999999999999,7.999999999999998,20,69,cnn_lstm_cql_thr0.1
1.0191169985819104,0.28298245492212293,0.1495497470068207,1.6670750649052524,3.1499112401339318,-0.03722030073886817,7.6029061910994145,0.41428571428571415,8.285714285714283,20,69,cnn_lstm_cql_thr0.2
1.0204252857493716,0.2963213042487516,0.10025081376502645,2.590145319016707,2.590145319016707,-0.03028556107222635,9.784243506074443,0.0,0.0,20,70,cnn_lstm_cql_thr0
1.0204252857493716,0.2963213042487516,0.10025081376502645,2.590145319016707,2.590145319016707,-0.03028556107222635,9.784243506074443,0.0,0.0,20,70,cnn_lstm_cql_thr0.1
1.0204252857493716,0.2963213042487516,0.10025081376502645,2.590145319016707,2.590145319016707,-0.03028556107222635,9.784243506074443,0.0,0.0,20,70,cnn_lstm_cql_thr0.2
1.0133404465680158,0.1850680343478468,0.0771037158242649,2.2029730142676853,2.2029730142676853,-0.020162861739110905,9.178659098220226,0.0,0.0,20,71,cnn_lstm_cql_thr0
1.0133404465680158,0.1850680343478468,0.0771037158242649,2.2029730142676853,2.2029730142676853,-0.020162861739110905,9.178659098220226,0.0,0.0,20,71,cnn_lstm_cql_thr0.1
1.0133404465680158,0.1850680343478468,0.0771037158242649,2.2029730142676853,2.2029730142676853,-0.020162861739110905,9.178659098220226,0.0,0.0,20,71,cnn_lstm_cql_thr0.2
0.986210050591849,-0.15992223709046938,0.03840777581978829,-4.535554975047674,-3.215253521688044,-0.014981525658796643,-10.674629589314788,0.09762794038016104,1.9525588076032208,20,72,cnn_lstm_cql_thr0
1.0028609245699984,0.03777952707410215,0.04785352990913222,0.7749917139981589,0.7749917139981589,-0.007471423231790596,5.056536874173026,0.0,0.0,20,72,cnn_lstm_cql_thr0.1
1.0028609245699984,0.03777952707410215,0.04785352990913222,0.7749917139981589,0.7749917139981589,-0.007471423231790596,5.056536874173026,0.0,0.0,20,72,cnn_lstm_cql_thr0.2
0.9981909778817563,-0.02103208139996926,0.057258467803099525,-0.3712203781642081,-0.3712203781642081,-0.008706190474870557,-2.415761688269514,0.0,0.0,20,73,cnn_lstm_cql_thr0
0.9986512143432678,-0.014189677256363331,0.07560755465154757,-0.18901428774959003,-0.18901428774959003,-0.02305233732233395,-0.6155418020287189,0.0,0.0,20,73,cnn_lstm_cql_thr0.1
0.9986512143432678,-0.014189677256363331,0.07560755465154757,-0.18901428774959003,-0.18901428774959003,-0.02305233732233395,-0.6155418020287189,0.0,0.0,20,73,cnn_lstm_cql_thr0.2
0.9853508414168675,-0.16499849619370588,0.10880748476328786,-1.6566622523749002,-1.189783520946909,-0.02881205926745463,-5.726716534284101,0.09878074854931815,1.975614970986363,20,74,cnn_lstm_cql_thr0
0.9858662634948668,-0.15947755995956558,0.10881694929715768,-1.595999121800771,-1.189783520946909,-0.028812059267454622,-5.535097595044427,0.0857142857142857,1.714285714285714,20,74,cnn_lstm_cql_thr0.1
1.0066590334685341,0.08878813856671419,0.05504675129340711,1.5455887075954668,1.5455887075954668,-0.014311837094667103,6.203825405460949,0.0,0.0,20,74,cnn_lstm_cql_thr0.2
